"","date","AAN","ABG","ADNT","AEO","AGS","ANF","APEI","ATGE","AXL","BBBY","BBX","BH","BIG","BJRI","BKE","BOOT","BXG","BYD","BZH","CAKE","CAL","CATO","CBRL","CCS","CHS","CHUY","CLAR","CLCT","CNTY","CONN","CORE","CPS","CRMT","CSV","CTB","CTRN","CZR","DAN","DBI","DDS","DENN","DIN","DLTH","EAT","ELY","ESCA","ETH","EVRI","EXPR","EYE","FNKO","FOSL","FRG","FRGI","GCO","GDEN","GES","GIII","GME","GOLF","GPI","GPRO","GRBK","GRPN","GT","HBB","HEAR","HIBB","HMHC","HOFT","HOME","HUD","HVT","HZO","IGT","JACK","JOUT","KBH","LAD","LAKE","LAUR","LCUT","LE","LEGH","LL","LOCO","LQDT","LRN","LZB","M","MCRI","MDC","MHO","MIK","MNRO","MOD","MOV","MPAA","MTH","NATH","NBEV","NDLS","NLS","ODP","OSTK","OSW","OXM","PENN","PLAY","PLCE","PRTS","PZZA","QUOT","RCII","RCKY","RGR","RGS","RICK","RRGB","RRR","SAH","SBH","SCVL","SEAS","SFIX","SGC","SGMS","SHOO","SIG","SMP","SNBR","SRI","SWBI","TACO","TAST","TCS","TEN","TH","TLYS","TMHC","TPH","TUP","UEIC","UFI","URBN","UTI","VAC","VOXX","VRA","VSTO","WEYS","WINA","WKHS","WW","WWW","ZUMZ"
"1",2019-01-02,-0.076693102140047,-0.0287994871514042,-0.369967793880837,-0.0821236468200691,0.0164076424870467,0.0648853330574664,-0.140586088492139,-0.159659396126652,-0.1,-0.0805020914418905,-0.158598001481518,-0.182555765667233,-0.326026608823764,-0.0522705830593871,-0.0323866783975463,-0.274266801911062,-0.106749280187965,-0.171614932676215,-0.116871704745167,-0.0829435055249983,-0.0755242909985095,-0.0727751979250802,-0.105345211655321,-0.127856052503646,0.016248675449245,-0.152244370557873,-0.061243217049872,-0.152655017627225,0,-0.322022137189132,-0.118888870749747,-0.14798986985482,-0.0198315531174319,-0.0930772299653502,-0.0679695308823938,0.0168076526885705,-0.173237753882915,-0.0735785288393869,-0.11411828042896,-0.0886487910780842,-0.00364513995413984,-0.202166117543018,-0.210867558223759,-0.099237188768679,-0.114660528500883,-0.0434197630003404,-0.141278164412844,-0.237741456166419,-0.185692541856926,-0.271067061254001,-0.0446549391069012,-0.197680077444172,-0.0250000353281241,-0.181016639988763,0.0308854273824164,-0.0939706681151549,-0.0921445913466642,-0.346761234762216,-0.0307549682116953,-0.0931599766057492,-0.0246271367760986,-0.161538461538462,-0.105642256902761,0.0448717133053937,-0.130782239288982,0.0335193810120331,-0.112941176470588,-0.0480404551201011,-0.0441025641025641,-0.0996060627391459,-0.347169777015437,-0.190869354055367,-0.100800892596469,-0.16786354722336,-0.137356303458085,-0.10611963042378,-0.168034951562171,-0.0642418669907913,-0.0388991353959725,-0.190985485103132,-0.00614687803299907,-0.194668873258677,-0.316110882286948,-0.00332502078137986,-0.186786296900489,-0.00992720052945062,-0.00614439324116745,-0.00745345755693572,-0.070357688321672,-0.0938962263217195,-0.0525540016563359,-0.031525371778257,-0.079627315560046,-0.19162363740677,-0.173659823622949,-0.169608595548734,-0.119247694003747,-0.0897936419408811,-0.0218068535825546,-0.0963014130255878,0.0475247524752476,-0.133742331288344,-0.131211180124224,-0.190769354168526,-0.286003067912932,-0.00198822152617961,-0.125301283058963,-0.14543053602812,-0.22955067220699,-0.307497218138988,-0.236220472440945,-0.141971285464005,-0.159968479117415,0.128082094660616,-0.0234404652610499,0.000555832824743474,-0.0520199778638627,-0.130417798208594,-0.221802370825444,-0.181597177836852,-0.120229269575626,-0.163926450676983,-0.0892856793674018,-0.196566250996277,-0.363669613900964,-0.0252689860617663,-0.0831673306772908,-0.0713905816015746,-0.37650831583356,-0.0957426495038913,-0.189764398536499,-0.0674074074074075,0.0670483075244928,-0.0401869158878504,-0.131555555555556,-0.0999999221987262,-0.192205442776135,-0.00128840436075317,-0.0458080680712116,-0.0401863715783344,-0.0948207171314742,-0.122560807372559,-0.241685772887449,-0.14140681653372,-0.155685623106446,0.138138138138138,-0.172009060028628,-0.183266932270916,-0.218472468916519,0.0587703435804703,-0.13289644067917,0.0442828211421169,0.0236220472440944,-0.230665370517468,-0.0871180827464064,-0.0130783708791938
"2",2019-02-01,0.145354290234382,0.0350851276386468,0.282428115015974,0.0760925697614596,0.0870857652045129,0.0353682646948756,0.0732680449764236,0.0398986497762013,0.315696649029982,0.23956599063301,0.0559441137659618,0.118422209675138,0.0634973987439102,-0.0271855719175127,-0.0590334346715823,0.321001650540694,0.0414813560021585,0.301363429848821,0.283582089552239,0.0429037228590605,0.0415054771186345,0.0300697980097961,0.0473904968243146,0.313823784067794,-0.0238499769634205,0.256004366812227,0.0783609556195355,0.186249057229929,0.0792767732962447,0.0617978038815119,0.179487222675993,0.210220971778947,-0.0424058457646427,0.264271884543803,0.07668227840589,-0.017349307524565,0.338150289017341,0.293140842903657,0.0729459439853013,0.0371483854890309,0.0670731707317074,0.143957021637356,-0.0813771158598245,-0.0788419434192473,0.0489690258374285,-0.000872556641706601,0.113910883770141,0.323586744639376,-0.0130841121495326,0.140300639216155,0.259206869688385,0.0114458433734939,0.0256410628040766,-0.0924635845471817,0.00155348420875545,0.175659532374101,-0.101510827348321,0.222494666345667,-0.140015291384733,0.0717260801007784,0.122558111475355,0.155963302752294,0.136912751677852,0.159509225130793,0.0246956010898625,0.089397054058918,0.00928381962864733,0.0830012616201861,0.0976394849785407,0.0618182884776615,0.193904246247806,-0.213085234093637,0.065479371679237,-0.022114454039134,0.112591527361743,0.025000083586729,0.0262373521555836,0.101968759597997,0.120911305247901,0.0434372049102929,0.0221354166666667,-0.0288812643378622,0.21978021978022,0.17931609674729,0.171514543630892,0.082219318181818,0.313755795981453,0.31956613765399,0.0851218772079814,-0.163524004438131,0.122343098893567,0.149107669863529,0.225954855039116,-0.0340667139815473,0.0581275353261028,0.439001848428835,-0.0102199800547662,0.202818566176471,0.193205918259024,0.0648778256121076,0.351606805293006,-0.00141643059490082,-0.317247542448615,0.117870816652348,0.242038145789101,0.0159363611830532,0.0689128376287667,0.277120756960372,0.181587929648601,0.0373832838121568,0.0927835051546393,-0.0403688493444516,-0.0628517823639775,0.0461445341410338,0.0418119935964913,-0.000555524046243594,0.103911331226581,0.0338518045249487,0.185655584609638,0.218224264913224,0.0721792573229556,0.00751873872072073,0.0508028104240443,0.175752245965983,0.285468064330844,-0.0143407219014909,0.390005431830527,0.0810368932992942,-0.263966709877993,0.0295041325890772,0.102876797998749,0.0325655281969817,-0.0766283983265055,-0.00486854917234658,-0.132036847492323,0.448484971604699,0.293494165192946,0.00724421950977483,0.151267943795288,0.149878701456311,0.190140845070423,-0.177250247063996,0.0654063869411574,-0.0717905405405405,-0.0581500168168128,-0.0949868073878628,0.286653188051248,0.248780487804878,0.00681818181818161,-0.144321093082835,-0.0711340074732445,-0.013354358837365,0.492307692307692,-0.200802211100582,0.0600620031969359,0.281345449472709
"3",2019-03-01,0.101405520231928,0.00964402185097102,-0.0393621823617341,-0.0129000382352905,-0.0652598671355997,0.048198334171393,0.121324771882393,0,0.0777479892761392,0.123905626001713,0.0198675607495107,0.040471216561101,0.00415086706920453,-0.03337353994056,0.12485610440182,0.222318062142097,0.00975224683980258,0.087788963853245,-0.0627906976744187,0.0491249526899338,0.0472812725457481,0.0610998656972435,-0.0332235709311565,-0.0352142554094188,0.0139616540588134,0.00391134289439377,0.128506708199227,0.302678116001534,0.0966494845360826,0.126984072776139,0.280114106117181,-0.194689113783256,0.201736662857791,0.0915090677369257,-0.0582431569967429,0.0706228823742689,-0.0313174946004319,0.105413889150698,0.111318611836589,0.146319018780753,-0.004,0.257142881482444,0.065587734241908,0.0993714902589244,0.0768600854849528,0.0611353161413557,0.074113370560871,0.156111929307805,0.00568181818181812,0.104519707956067,0.176602858458782,-0.0476474658935399,-0.0408333939799462,0.063503140265178,0.0695767544964159,-0.0887302351488918,0.208617997156082,0.030954486413141,0.0453736433021803,0.0924005722827219,0.0239492896519615,0.206349206349206,0.0814639905548995,-0.108465558425015,-0.0604185706687891,-0.0647514032905583,-0.00919842312746388,0.139791608816162,-0.202346041055719,0.0883561275490079,0.0783451178849084,0.129672006102212,0.202064809132661,0.0860453439627877,0.0502995149523293,-0.004687805744645,0.0656923462481878,0.0414929021836279,0.0170319139147566,0.0117647058823529,-0.0254777070063693,0.0850622484025598,0.0264639639639639,-0.00848656294200856,0.00428082191780832,-0.0592959197470092,-0.205882352941177,0.0312994002940057,0.159570970314202,-0.048192802234658,0.0233256818320018,-0.134642962099695,-0.0266516151145502,-0.0220426157237325,0.0661147895724463,-0.014771997430957,0.0985607007850391,0.0809984758532081,-0.0329181279563642,0.0232028187635447,-0.176223776223776,0.102127659574468,-0.133507853403141,0.2193996436257,0.200000011396012,-0.000980466150381609,0.0348221030699081,0.00845406602254428,0.00876518926293812,0.0268098834224564,0,0.130725688755554,-0.00300300300300294,0.125362795532828,0.13501598760235,0.0655919266428944,-0.0269698572184031,0.0283184893440509,-0.0126023944549464,0.0889911877460245,-0.0124182306608006,0.0212400114810563,0.0330620807486397,0,0.295799879168895,-0.0364954475824314,0.140289175459164,0.0166919289529861,0.201501795097619,0.0218328763672666,0.250070881769209,0.157307692307692,0.0755186779335069,0.0244618395303327,0.272405660377358,-0.0516039646741043,-0.0183667302560447,-0.000985221674876802,0.0391698930038713,-0.132453818867872,-0.0732248520710059,0.100037497302809,0.202271149751597,0.0236578707916288,-0.00415870121561102,0.0379008746355685,0.124749660046752,-0.0605468750000001,0.109480812641084,-0.0518962075848303,0.124676367604261,0.121740686168324,-0.0309278350515464,-0.311794175401323,0.0575349508029814,0.00715994459665659
"4",2019-04-01,-0.0266879535238418,-0.00337133014829827,-0.254668088450825,0.0701838205625784,-0.00710702341137126,0.226958978545087,-0.0735382760699217,-0.0473000019204224,-0.0652985074626865,0.0236876819153096,0.000570069344765445,0.0200000073529412,0.238435022214081,-0.0277101469509631,-0.0214832894665483,0.0641522712671037,0.126300270886571,-0.0568370530679529,-0.0281224152191895,0.0371398264456742,-0.181050822746131,0.0012070055646638,-0.0286687727611424,0.0501318821459984,-0.216471793077688,-0.0653679653679654,0.0256615407385026,-0.00968664230905814,0.0540540540540542,-0.0162185659411012,0.060963237406199,-0.203956834613377,0.0824903410104727,-0.104526257808273,-0.0517187983797806,-0.0910345246183549,-0.0144927536231885,-0.0649748511968125,-0.235043067980772,-0.0152775027074006,0.0567986230636834,-0.0605846872449916,-0.0243804956035172,-0.00299835789107838,-0.0901827651699991,-0.0424001758578388,-0.0547066898739065,0.315923566878981,-0.180790960451977,-0.0912190705092092,0.03585086042065,-0.126954346466542,-0.140747071088078,-0.143044619422572,-0.0561425108763207,-0.166200382417438,-0.146956554589966,0.13817063836056,-0.0875030060924354,-0.0960390869193934,0.0706811591821521,0.0789473684210527,0.0185589519650655,0.0563797461014912,-0.0541771916445399,-0.138820604818477,-0.197612732095491,0.264658418504572,-0.071078431372549,-0.0910795374116516,-0.24040812244898,-0.0708980418636057,-0.0531056921939252,-0.0259015223005828,-0.221545310175563,0.0203334365872141,0.0806329534322716,0.0647289658554568,0.0532835504632274,0.0536672629695885,-0.0228758169934642,-0.121415039124557,-0.065276961053209,-0.156918687589158,-0.122762148337596,-0.17596848325673,0.0755555555555556,0.0478234533360959,-0.0300416441071358,0.0151373193441555,0.0223425406828586,0.032682124048385,0.0281527188584652,-0.135236664162284,0.131477920154406,-0.0664928292046936,-0.0239247606325975,-0.106503303793747,0.0319686982520699,-0.032163201739386,-0.110356536502547,-0.128700128700129,-0.157099697885196,0.0449439238307385,-0.229819574065507,0.327772397535067,-0.0471604384042477,-0.183632662021264,-0.024168879815254,0.04651161855566,-0.0283018867924528,0.198060950548792,-0.00602409638554224,0.0773594764696428,-0.15384626104667,-0.0752124426340224,0.0804347282608697,2.48919127436853e-05,-0.0800893426930441,-0.0697455196162166,0.00634616186352166,0.0376614931050312,-0.146117569803108,-0.0971809754147246,-0.0313793103448275,-0.0257009967098664,-0.288211103495545,0.0253026738755264,-0.0260416246361463,-0.01738262389331,0.0435472442730778,-0.0289132934529743,-0.286265475475347,-0.0267430754536773,-0.0685820203892492,0.311764672567797,-0.329370900007486,-0.027613412228797,-0.0714285383472573,0.0833332066099024,0.0255387071029529,-0.112413620985175,0.117768532533396,-0.126222222222222,-0.0189527150322106,-0.0224719101123596,-0.0398809444667636,-0.0166320166320164,0.354018311291963,-0.156842105263158,0.0453352336348254,0.113394285550059,-0.3,-0.0779398779425762,-0.00661571557266694,0.00157981832543452
"5",2019-05-01,0.0239925133266992,0.115997228301504,0.601948503827418,0.0840977566855634,0.0151579368421053,0.0993766141186367,0.0588809043591412,0.0571063498828042,-0.0505655355954757,-0.0360733466015344,-0.0975609660118223,0.00209049883152757,-0.0471379607718052,0.0915719913493271,-0.0325373855670935,-0.0357734337272794,0.00599644391553733,-0.0190543729810529,0.159148936170213,0.00926113583292953,0.0169825567738335,-0.0438481941732324,0.074541227939557,0.0527638213050177,-0.23266214099634,-0.0736452061139417,0.073494969007927,-0.00575365366603209,0.0133779264214047,0.0759219121875017,-0.0728947390202351,-0.0169731251980955,0.114473257475506,-0.0979676355377134,-0.0369040521511353,-0.0470407560799058,0.0294117647058822,0.0390879890966342,0.00222130969483847,-0.0974852273688434,0.0374593376764385,-0.0809667980219743,-0.348217943465793,-0.065420523990149,0.079046625779454,0.0260642673921607,0.148854495365333,-0.00484027105517915,-0.133333333333333,-0.16197626641651,-0.0844485463774804,-0.0780802292263612,-0.0950455791713393,-0.0122511485451762,-0.0489464212259345,0.0167785234899329,0.063676039470687,0.0339521991683487,-0.179363548698168,0.10378191921006,0.164962295076271,-0.106707317073171,-0.0439442658092176,0.0224719953288763,-0.000229532910850705,-0.162149360505491,-0.120661157024793,-0.120374308804764,-0.0131926121372031,0.038970074305186,0.295002617141181,0.201308212209302,-0.157093056560017,-0.13555787278415,0.0676581101374041,-0.0476545044712389,0.072667608634603,0.0609907926071203,0.180580715855437,0.0492359932088284,0.0541806020066891,0.0275017816668575,0.0129107386789473,0.0169204737732656,0.295432458697765,0.044621513944223,-0.0909090909090909,-0.116442334698654,-0.00777977103906946,-0.044952945535249,-0.0589403545019945,0.0928792399110485,0.0716429107276819,-0.0608166811468288,-0.09361017759225,0.0272346368715084,0.0164004876255048,0.0896625047290351,0.150657502800479,-0.0190421328197824,-0.017175572519084,0.0605612998522895,-0.0573476702508962,-0.357526887820201,-0.234895143951612,0.0177383647869567,0.0757404154006582,0.0288508543349215,0.138547098591134,0.148133176051666,-0.00970873786407767,-0.00809239004699225,-0.0676767676767677,0.172331275506382,-0.00310799056057831,0.0451882215071615,-0.109657852598484,-0.0124944718048011,0.120360700659036,-0.00912208513596391,0.339072806037552,-0.137053041010457,0.095156891587765,0.0949055053410024,-0.0455678533285866,-0.0155873825613261,0.106884930187771,0.0371344121721453,-0.168983951844832,-0.0233834571599159,-0.232992772570866,0.0715263542616822,0.0627028593168835,0.0255152109911678,-0.0368159203980101,-0.0100897537268262,-0.0804150056383488,0.0578093306288032,0.05128205895535,0.158338021243011,0.0249027237354087,-0.119379872718515,0.0293108272857361,-0.00559516785350966,-0.0275049106907364,-0.0201149425287356,0.0937176520023497,-0.105708245243129,-0.0683696468820436,0.079900124843945,0.0722660718254602,-0.0740320448305404,0.337386018237082,-0.016806772120613,0.0192361834316774,0.00354889575911299
"6",2019-06-03,-0.026542158670806,-0.0243748421318516,-0.244135534317984,-0.247691055783857,-0.19576946512777,-0.432621689199618,-0.133640495657158,-0.10905059244002,-0.271899088997898,-0.193251516903328,-0.268468487652378,-0.302208449111879,-0.25061164416904,-0.176008589562441,-0.16703176423601,-0.0786671563494622,-0.486074228373642,-0.173741010219595,-0.316446402349486,-0.0987920141331162,-0.246990190368866,-0.123203187596093,-0.0368398659609193,0.0592681010050955,0.0204081699069885,0.1045,-0.0733308586630398,0.115735315991947,-0.0319031903190318,-0.340322513722682,0.0538150613355945,-0.1449127175781,-0.125474136554202,0.065393572965815,-0.0227968806394278,-0.251461381860736,-0.0538461538461539,-0.202069288663247,-0.167110047499172,-0.138576705985628,0.0219780208279423,0.0855053329413789,-0.0370835952231301,-0.0900000519857183,-0.135494271920033,-0.0462924330764443,-0.0430797272588828,0.109922178988327,-0.180371352785146,-0.0388059342838034,-0.0146169858870968,-0.203574203574204,0.117318308735682,0.103875968992248,0.0683129209179356,-0.171617161716172,-0.211342567215983,-0.390739433463764,-0.122209165687427,-0.045847040690384,-0.0216746364725862,0.0443686006825939,-0.00784753363228707,-0.0357143666601224,-0.251079911979345,-0.0317040219787035,-0.216165413533835,0.0643133462282399,-0.268716577540107,-0.0870729739086348,-0.240663941908714,-0.174833685732989,-0.128313550069554,-0.0392038600723763,-0.0566279835125614,0.0709651235040654,-0.0203230955717425,0.00663291690665191,0.055749820090415,-0.00889967637540445,0.0437817893401016,-0.15000001087987,-0.30648899188876,0.0715474209650584,-0.251312828207052,-0.184591914569031,-0.131818181818182,0.0473509255844065,-0.0244391667941659,-0.0945657664016862,-0.00234581275285461,0.0200190108974412,-0.0133006300315016,-0.139685476410731,0.0259049004344281,-0.118286879673691,-0.238810250435101,-0.146660261374637,-0.011040092755373,0.00279422393809936,-0.0757281553398059,0.0236768802228413,-0.501901140684411,-0.165403102223557,-0.201450443190975,-0.0922295311186514,-0.141841398840182,-0.159220524751876,-0.121338919366006,-0.198584733756313,-0.0196078431372549,-0.0505697386223576,0.140845070422535,-0.0151081822615996,-0.0508412377428462,-0.0922016753289232,0.0338981901752435,-0.291012202504221,-0.212074248051834,-0.207518189218066,-0.0984173059888525,-0.0376647834274952,-0.256186876413618,0.210881801125704,-0.158522945114619,-0.0162435877797034,-0.110047890387125,-0.12855929025927,-0.166521279179702,-0.0961493024329293,0.0240860860275975,-0.154902591980281,-0.149542327296897,0.0133971291866029,-0.115702479338843,-0.202717912123991,-0.49553361542078,-0.0460210930009588,-0.334735128947484,-0.0242365498902836,-0.0607441154138193,-0.157130303581471,-0.0620830938943047,-0.0322250144360621,-0.231313157194843,-0.0175953079178885,-0.15848511426336,-0.15839243498818,-0.085483870967742,-0.0994219653179191,-0.247424744528877,-0.0832605841778301,0.943181818181818,-0.131724441011787,-0.228938693592068,-0.202750483192515
"7",2019-07-01,0.183270928874336,0.0893204142394821,0.382758563218391,-0.0502230717750198,0.0134090259623014,-0.0435982950221299,0.0404254950203724,0.0185520131549319,0.19153031761309,-0.116973056553525,0.157635537719707,0.0494845670103092,0.0306330079350456,0.0270076892854705,0.153188802000794,0.337061931394482,0.535483711254587,0.179440787958268,0.0461868958109559,-0.0179994343443082,0.0164329342221083,-0.0233776506593775,0.065507584503119,-0.00751028942960164,-0.0153123205001898,0.0113173381620644,0.128346454256082,0.162656729281341,0.102272727272727,0.133251825595854,0.0567260880548159,0.0927884900379083,-0.0202032299942559,0.0163309786396741,0.100661870767217,0.0278174526529502,0.392566782810685,0.289196114216813,0.0261367187610375,0.0353954443263751,0.0496671249530403,0.0439541840118556,-0.097911227154047,0.0298811531874754,0.166217985794725,0.0224415285854469,0.0134099166520438,0.0403155127081507,-0.12621359223301,0.157220458074534,0.166751926688078,0.0682926829268291,-0.012999938952993,-0.0941011235955056,-0.0911644179916954,0.0980079681274899,-0.00444212568203606,0.153160094875529,-0.282463186077644,0.113397839897571,0.0928108088910418,-0.120915032679739,-0.0485875706214689,0.0199430350403007,0.100216310603602,0.119552430135259,0.392086330935252,-0.159018627896411,0.0164533820840951,-0.19375961113728,-0.613114732957089,0.0234604105571847,0.0287254595792037,0.0445699309478971,-0.0232384282815328,-0.0258567986361841,0.00664884865345439,0.00581399601648247,0.025237456450693,-0.0955102040816327,-0.0389058335011652,0.187734725205831,0.00584795321637421,-0.0271739130434784,0.109218436873747,-0.0196445275958839,0.036649214659686,-0.0521656355411203,-0.0270019160581726,0.0289786402923395,0.00634846005992151,0.0314642054869376,0.0195104285381189,-0.135483870967742,0.0723652772277719,0.113338473400154,0.0217955597380421,0.172433418742678,0.0189972185860317,0.135039778109536,-0.00210084033613445,0.0938775510204082,-0.179389312977099,0.0203046287283168,0.281533804238143,0.192000069284576,0.0525715295540643,0.0955340816543766,-0.202579368870962,0.0610979442571729,0.2,-0.07581673009087,0.0303893637226971,0.123134349353593,0.133773780955706,0.101382591612283,-0.0715846487204727,0.0769775147727452,0.195677752625629,0.0457696424568341,0.286327053085857,-0.181343770384866,0.0533080859909338,-0.0436938022931516,0.38563835929248,0.08099693641647,-0.035190568679891,0.102022261631981,-0.0972804270698351,0.045601699457325,0.133093584202921,0.205971322976996,0.0765551385922993,0.190745986779981,0.0922897196261681,0.0866476620872316,0.0232991612301958,-0.0522613065326633,-0.013906305625793,0.0466965249228277,-0.0266774454324979,-0.0164606170923713,0.111870921447732,-0.028012737843552,-0.0017520367936924,0.0985074626865672,0.0962102724988165,0.168539325842697,0.0246913580246912,0.147625160462131,0.0681999891983402,0.05046090723242,0.736842105263158,0.11638685581934,-0.01697914475808,0.267126551644822
"8",2019-08-01,-0.00413419641320678,0.08710636750787,-0.114297594110457,-0.0343526373288648,-0.0544529262086514,0.0460485640490014,0.116564349011588,0.0501998889382496,-0.109854604200323,-0.213973849201194,-0.118764331909869,-0.146561940671063,-0.126955919181205,-0.0749359078455281,0.108066057186911,-0.0864473762842336,-0.158823441916894,-0.0433012967797621,0.155030800821355,0.0264501077733497,-0.153258659484547,0.125512797750579,0.0243671943347039,0.0438895194854332,-0.125000080973286,0.0662488809310653,-0.0230287869506847,0.0530814184276862,-0.0257731958762887,0.094390501920685,-0.0930468932206243,0.0481742861454968,0.0364632472722854,0.196571945288885,-0.149367154760255,0.0319222083106809,-0.0158465387823186,-0.200817511284231,-0.102577763317017,0.150235567658564,0.0956097073170732,-0.119077538376898,-0.122286541244573,0.0315546077227302,0.0369301821508687,-0.0035118336582427,-0.122941716051248,0.0134793597304128,-0.159259259259259,0.0191211009433445,0.0688294637803359,-0.0684931506849316,0.205673697178679,-0.250387596899225,-0.128595198478726,0.00870827285921627,-0.0186682141061563,-0.122730329522528,-0.283582089552239,-0.0486609388677676,-0.000363526193060015,-0.0650557620817843,0.0985748218527316,-0.134078188102743,-0.123609396993592,-0.267227785275665,-0.104220499569337,-0.0545650999459752,0.064748201438849,-0.0572867824943687,-0.213276836158192,-0.111747851002865,0.0389761442942842,-0.0931489839632803,0.0836531753064027,-0.0897709547194626,-0.119614895216523,0.0346309560884459,0.0757675932281041,-0.0063176895306859,0.0373181530676785,-0.0777609230363363,-0.131229235880399,0.00957701516360743,-0.261065943992773,-0.0658396946564886,0.205387205387205,-0.006004036024016,0.0303030469933188,-0.00841517857711749,0.0675233660636301,0.0945334458942375,0.255741127348643,-0.187810945273632,-0.0429115640666076,-0.288781163434903,-0.0628742364215205,-0.13981611030479,0.232558105565215,-0.097402552834009,-0.250526315789474,-0.0796019900497511,-0.353488372093023,-0.0696517132710565,0.674803149606299,0.0523490427732773,-0.0575872732873143,-0.0144478335628397,0.00149847519425461,-0.0462439751144467,-0.0166666666666667,-0.0222319436850493,-0.0341013824884792,-0.00479892094994938,0.136562287136939,-0.171366287056423,0.0288404944084757,-0.0749857855221706,0.0571803483404536,-0.0781032045104308,0.158886495643672,0.0804780876494025,-0.14495783320064,-0.0165262794385521,-0.191618682021753,-0.0697406510133947,0.0521783181357649,-0.0781249220776052,0.0107671212706826,-0.0112906426565416,0.140170887907915,-0.031651519899718,-0.0211111811402426,-0.0729579698651863,0.0064171122994654,-0.296732091219139,-0.250455373406193,-0.110286320254507,0.00384602199970874,0.0863786900806833,0.136212624584718,-0.195371343402837,0.0651905748983728,0.00271897785312536,-0.0342255798935682,0.0489130434782608,-0.00514460882202539,0.0889423076923077,-0.0567986230636832,-0.184563758389262,-0.0267262110295915,-0.0203233561376385,0.367003367003367,0.120850616138454,-0.0474465475820058,-0.109295959132476
"9",2019-09-03,-0.00670614005527481,0.0130082527434987,-0.112623139963545,-0.00184038220622118,-0.485468245425188,-0.176680522796977,-0.287240493726526,-0.120558314732621,-0.454627949183303,0.0366666880633779,0.00242135124712228,-0.0124308705949886,-0.0737270424865087,-0.113457487426533,-0.0109660636314846,-0.0296091898418309,-0.0714520038693821,-0.0932301718851121,0.0764444444444443,-0.117080234174757,0.222489506790386,0.232507360461152,-0.048732085551672,-0.0112359188111635,0.0544218266242411,0.0642317380352646,-0.215742309674379,0.0930571048892852,-0.2,0.175455831668022,-0.0941815985481141,-0.25792236063285,-0.0437225913934743,-0.0510136513767893,-0.152164008213184,0.116174510849756,-0.0516949152542374,-0.209363111838913,-0.0973034698428369,-0.140412417283068,0.0387355760790549,-0.158376994008411,-0.267930750206101,-0.0514797286845496,-0.0406703269148484,-0.0986784397813132,-0.0821099025854916,-0.278470490440565,-0.101321585903084,-0.0908491800806183,-0.0414273191725727,0.21764705882353,0.00252109245142695,-0.117890382626681,-0.0496453900709218,-0.0424460431654676,0.0532657410344111,-0.277117631276351,-0.0078125,0.0131916255776636,-0.110395299206372,-0.240556660039762,-0.00540540540540546,-0.222580629032258,-0.173978804884131,0.0195516801163915,-0.160576923076923,-0.0805714285714286,-0.0202702702702703,-0.134662157817103,0.202872531418312,-0.165322580645161,0.0588694453282426,-0.0755467196819086,-0.177920670714288,0.164539416008892,-0.181148424795877,0.0399849999941424,0.0029228961324077,-0.0381471389645777,0.108536585365854,-0.185993071520669,-0.307839388145316,0.166798418972332,0.132029339853301,0.0265577119509706,0.0544692737430168,-0.122483192029637,-0.0349845265785216,-0.321546361858767,-0.0770409515657902,0.0727948195692747,-0.00415630368523145,-0.142419601837672,-0.0598278729878191,-0.044790652385589,-0.184904140935107,-0.220472484787824,0.0187120701097179,-0.0496703564365067,-0.134831460674157,-0.218918918918919,-0.0503597122302157,-0.325582723945667,-0.291490362012224,0.00318869641641162,-0.0141885446207165,-0.0324607329842932,0.0281794928793198,-0.0386134801864517,0.347457627118644,0.064527275104121,-0.322519083969466,-0.0704747217186468,-0.084744979829574,-0.10201258192527,-0.0652173913043479,0.064975157684054,0.0254897124954747,0.0206755381683448,-0.0151514992465976,-0.126106194690266,0.252210545987813,-0.057660626029654,-0.282548516026909,-0.136302812788104,-0.154068367838228,0.0441317371437746,-0.351667634473038,-0.0219472441030011,-0.134504157946116,-0.0307443042071197,-0.348467611006608,-0.0710008554319932,-0.219978746014878,-0.2063195821146,0.0145808019441069,-0.268176400476758,0.293742121115059,0.0554827896672254,0.0197368421052631,-0.141805978109163,0.0374133726885306,0.0390454967979665,0.0268059972739663,0.422279792746114,0.0064122500572148,-0.0794701986754968,-0.0328467153284673,-0.279835390946502,-0.0641256331272426,-0.065660802614342,-0.00738916256157618,0.416936584130653,-0.0570343078922693,0.141484672489083
"10",2019-10-01,0.0232509238852006,0.0698176447570442,0.175568482284506,-0.0393362127988067,0.0355648535564854,0.1082764209604,-0.0179871520342613,-0.0873016071523999,0.286189683860233,0.123601261181298,0.154589243385275,0.245104874879783,0.0726033119994207,0.0782808373747477,0.0887012121889299,0.0506448867365559,0.0153341729210714,0.0233593682796978,0.210569777043766,0.0702841532307317,0.118025138158069,0.0503901060402976,-0.0192413902082872,0.105938375882024,0.308526611454544,-0.0272189349112426,0.0483576538489074,0.119291455634075,-0.0198412698412698,0.0469601257861636,-0.0174835171003905,0.0868212362324312,0.057592864184465,-0.0241362837558876,0.137505520882826,0.0914043126669837,0.0482573726541555,0.144254268034383,0.12930636846093,0.160989421327011,-0.0312901843120444,0.0627439528928997,-0.045045045045045,0.118554525218927,0.0986653442679275,0.083215513453303,0.12144560625393,-0.0576036866359447,0.656862745098039,-0.0930485846108405,-0.132220790234455,-0.0209339774557166,-0.000838191616911121,0.208675263774912,0.104477611940298,-0.00826446280991744,0.0995722415649731,0.314952157213565,0.464566929133858,0.0330579255384751,0.224941964741934,0.382198952879581,0.16304347826087,0.0912862429193726,0.29304036399663,0.120482002104025,0.313860252004582,0.424487259167185,-0.0655172413793104,0.201859491740937,0.465671641791045,0.179710144927536,0.0822651327580175,0.104659498207885,0.216097965245799,0.0874465692057009,0.0774737716482201,0.213798065719433,0.0026358688623036,0.134088762983947,-0.097909790979098,0.196050556664506,0.614640883977901,0.0934958672086721,0.0280777537796977,0.100497512437811,-0.0463576158940396,0.0110899043977055,0.0744607817068543,0.104003497377724,-0.013753806675542,0.115175175527705,0.0367278529974362,0.735714285714286,0.00874161402709661,0.110091743119266,0.212182716933236,0.153679653679654,0.075463031518046,0.0914625739906394,-0.113636363636364,-0.0259515570934257,0.0151515151515151,0.379032431153604,-0.362309223623092,-0.027972037330121,0.0405343926325519,-0.0108224567099569,-0.0727625515164237,-0.121168538225806,-0.0314465408805031,0.128568375889637,0.125352112676056,0.0520307450312276,0.122054122513256,0.0117734147071655,0.238678090575275,0.203898902154442,-0.00575941159385185,0.00154107590372132,0.137502332551362,0.29620253164557,0.102219260371935,-0.0958041608391609,0.106453398039349,0.154624197634366,0.108708025042686,0.0752557707593595,0.537003710233836,0.107685217685927,0.0066815144766148,0.0207011345341859,0.00174207064338971,-0.0699815837937384,0.123978201634877,0.0398126328753794,0.511377245508982,0.0700325732899023,-0.0819348639204247,0.058774834437086,0.0623655913978496,0.228763888103845,0.102181660827322,0.116910229645094,0.246902654867257,-0.0564663023679418,0.0399262605248187,0.11031175059952,-0.0481132075471697,0.165714285714286,-0.0699587619872252,0.13714479177944,-0.136476426799008,0.219790881130278,0.132222463140881,0.202371889914762
"11",2019-11-01,0.163313548544093,0.0833165531906046,-0.00539806567701306,0.0141083366104984,0.212121212121212,0.124917351914277,-0.0327082424771042,-0.194729955343084,0.318240620957309,0.296511645383178,-0.032895516548288,-0.188711070135522,-0.10751357380956,0.06678971814651,0.0371633539323635,0.123952058445984,0.0560948556008882,0.145066911757034,0.0429740791268758,0.0130372087407136,-0.00838492375503019,0.0172115941536333,-0.0175587353515317,0.00132578720583365,-0.120906771948953,0.00324412003244112,0.0757179406855031,-0.102708457821976,0.0674763832658569,-0.0092110135847423,-0.0015888616948484,-0.123080900338277,0.020337796610209,0.275460810467245,0.0984114378144674,0.00110913521554612,0.0528559249786871,0.22934469492703,-0.0163360787680099,0.047164172668396,-0.114159292035398,0.0128927203659961,0.0966981132075473,0.0712424953129984,0.0449021267300711,0.0310502695601693,0.0550275856246207,0.250611246943765,-0.0236686390532544,-0.057285391508399,-0.250493133604875,-0.0929276315789475,0.00251677322749355,-0.114451988360815,0.00935550935550955,0.143181818181818,-0.0506886957084552,0.0818548823328582,0.0465949820788529,0.122666635690018,0.128041951483656,-0.172348484848485,-0.0560747663551402,0.0912548323671039,0.143565769483738,0.202403531564254,-0.0383609415867482,0.0458114746945899,0.149446494464945,0.0922788338416576,-0.115071283095723,0.0384930384930384,-0.0923002696331611,0.0110317975340688,-0.02086327647959,-0.101800355264927,0.0141117322307409,0.0751924177757972,0.235366924904983,-0.086594504579517,-0.048780487804878,-0.0385592832807352,-0.00256629597946956,-0.0192068785134373,-0.0430672268907564,0.35623869801085,-0.088888888888889,-0.249243598742678,0.0617692131091956,0.00192922368631798,0.0396730464053858,-0.0797860558697794,0.181427868031555,-0.105967078189301,-0.0986364897872083,0.064279155188246,0.0856093525545296,0.188868042526579,0.038001678394487,0.0575849921853315,-0.0183150183150182,-0.0355239786856129,0.26865671641791,0.187134345807804,0.0728407908428721,0.00588625132517184,-0.00235885184686047,0.173413557253088,0.0635917238950148,0.103281459674173,0.0324675324675325,0.102700510360711,0.083854818523154,-0.0367675357476068,-0.122570480530207,0.122909078724197,-0.000988191699604624,-0.0812773540412205,-0.0490853063745521,0.130327038004107,0.0853738004589977,0.013671875,0.0378270910116911,0.0359628756394865,0.171485601768973,-0.0400501085433879,0.286960985626283,0.181584167962947,-0.0271179119043375,0.105525562140417,0.190511307767945,-0.0215897939156036,0.266086865623891,-0.240594059405941,-0.109090909090909,-0.0405405698438838,0.0982567353407291,-0.168949771689498,0.116129062781824,-0.0250195074276779,0.068825910931174,-0.372258064516129,0.0850333906295049,0.257943925233645,0.0507452448545067,0.129343629343629,0.11391151575439,0.0496760259179267,0.126858275520317,0.0898692810457515,0.11858406380354,-5.55149183327774e-05,-0.212643678160919,-0.0781793348422669,0.0768406090134732,0.0159083678014635
"12",2019-12-02,-0.226726133008436,0.0237429697627007,0.0171867473004637,-0.043949043419521,-0.0416666666666666,-0.0346649805760137,0.110009062218215,0.103730402608979,-0.0176643768400392,0.0859491454167194,-0.0347070425649012,0.263759103813525,-0.0316278597453429,0.017426153788761,0.318806257393204,0.0665956295525938,-0.0286215558269554,0.0679080125730818,-0.00784826684107254,0.0559877035385314,-0.0378280888018643,0.0705019241142157,0.0103251464041734,-0.0820919921248591,0.346704668187094,0.160873039611965,-0.00353055659373647,0.0353501898785675,0.0164348925410871,-0.154001616814875,-0.174154068255478,-0.148071271570585,0.152815578974308,-0.0713630329333378,0.0145569446236449,0.153462682149807,0.0469635627530365,-0.00584754597201231,-0.0462632358672173,0.00505118269861482,0.00149845154845152,0.0975869637932167,-0.0268817204301075,0.0130358219367239,0.0525783844093295,-0.0230292428036615,-0.105316451824559,0.290322580645161,0.103030303030303,0.280542028371798,-0.0499999999999999,-0.335448776065276,0.167363872383461,0.0821467688937569,-0.0496910401647788,0.180914512922465,0.111433549460554,0.0786433469996273,0.0565068493150684,0.0250386922818502,0.0162282298031911,-0.123569794050343,0.132673267326733,-0.0243902778958092,0.000625396014527491,0.0251800646126012,-0.257479601087942,0.137672137574974,-0.0401284109149278,0.0284482120398395,-0.0299194476409667,0.0772870662460567,0.0964083404943805,0.0609756739409499,0.0785078031907462,-0.0273322669657097,0.0810447054986465,-0.0669074061456701,-0.00103818112899201,-0.0711030082041934,0.0839743589743589,-0.223181244160772,0.00943396226415083,-0.0334807327858496,-0.0384193194291986,0.0820000000000001,0.038109756097561,-0.0277078589420656,-0.115878163439286,-0.0115532591829844,0.0363089483668386,-0.00870635808660392,-0.00840522489777384,-0.097813578826237,0.0391629752291358,-0.355478861087144,-0.288396437659844,0.0420830615465544,-0.103523968188674,-0.0263729076556589,-0.25,0.141804788213628,-0.2,0.110436751882818,-0.269641125121241,0.0377113570413157,0.0305788552120283,0.0885780378285297,-0.00716046217796751,-0.178575697449832,0.371069182389937,0.0874791497885268,0.221709006928406,0.0258448911868703,-0.0111114714518883,-0.0357997248682065,-0.184965340502737,-0.0347550484297128,-0.124398905918599,0.0219201522812762,-0.0268291181132452,0.200385420680796,0.0394930438639132,0.0899589365450191,0.0106382978723405,-0.129008060284093,0.065416792979657,0.0142787675233857,0.0740740624799654,-0.0365893574872574,-0.0082593640305596,0.00300902708124373,0.182692409075191,-0.0521512385919166,0.0666666666666667,-0.0657276653405904,-0.0505050505050505,-0.157509157509158,-0.0443160691509279,-0.0882117446587112,-0.0404040404040404,-0.137718396711202,0.0243856659645258,-0.103640453194651,-0.145221271691278,0.0598290598290598,0.0864065698410712,-0.0493827160493827,-0.0554089709762532,0.220389805097451,-0.0206272647536935,-0.0190315973258057,0.0437956204379562,0.215219285506826,0.0560902908375731,-0.0422799874725963
"13",2020-01-02,0.00835900741417128,0.0125512054356853,-0.0173410404624276,-0.0416359952560336,0.0539130434782609,0.0765804277783655,0.115353285322775,0.0284612807589684,0.095904095904096,0.136304333020609,0.0342794443571655,0.0462886793233697,0.343781438171443,-0.0688139698710757,-0.0642960359564044,0.128621325459008,0.0979765687776755,0.0297206516840081,-0.0804218852999341,-0.113108674415079,0.0957946891972932,-0.0778878438834535,-0.0187887814842594,-0.0108186080057699,-0.197842756985308,-0.105153137366056,0.100894955268573,-0.131809575577236,-0.0124378109452735,-0.440516005733397,0.00503292635382735,0.180076704286893,0.0473356215924272,0.0377823747746968,0.0136077665347851,0.092106790700881,0.0518174787316319,0.0861665510110783,0.014171080137003,-0.0200462481613553,-0.00299246897718053,0.0390862003733323,0.0762430939226519,-0.0698274542261581,0.0264296365491368,-0.125997306154723,0.0514997222357185,-0.0060606060606061,0.321428571428571,0.0724206349206349,0.216759002770083,0.0859481582537518,0.778968078262215,0.0101214574898785,0.287184990517475,0.0656565656565655,0.166475247772274,0.161713816112169,0.0226904376012966,0.07416028981001,-0.0174787739330201,0.148825065274151,-0.00349650349650343,-0.153571392857143,-0.0387499391249296,-0.0231958909282544,0.115995115995116,0.011001100110011,0.0326086956521738,0.0857782277351411,-0.383155397390273,0.119326500732064,-0.0205410189586118,0.0163338163137439,0.0414365172567326,-0.00298169707494045,0.183915286271441,0.0210057602330413,-0.0748901876257693,0.0392541707556429,0.0544056771141335,0.160317374099425,0.325403568394223,0.0745098692810455,0.0878995433789953,-0.0733210104744302,-0.148311306901615,0.0430051835753982,-0.00417067367840829,0.0991919386791447,0.100200801155974,-0.0287844087898119,-0.0888889306351005,0.080357142857143,0.0768690999221548,0.0414993306559572,0.126293130572138,0.115598239050895,-0.0594982437824217,-0.0300639685547733,-0.109452736318408,-0.129032258064516,0.330882352941176,0.174887897208091,-0.0650730411686588,0.0507518767478468,0.0565830307855988,0.119486038543897,0.0116886385921562,-0.0937973605384818,0.0642201834862384,-0.000318458555274459,-0.0765595463137997,0.103488342269991,0.045751564873957,0.0588102695376693,0.012135922330097,0.11692009127083,0.208348634505626,0.0547177913947752,-0.0114451579646231,-0.0358480986705136,0.0581231103370456,0.127054755922782,0.055157852631579,0.0361718353540033,0.00711347836441312,0.0322633143993809,0.0879309823229173,0.0554358935324184,-0.00229025613762757,0.00933336666666662,0.0650406332077462,0.0962861072902339,-0.103316326530612,0.0728643290367927,0.040273556231003,0.0456521739130435,0.216733898368504,-0.0329815303430079,0.0315789473684212,0.0131108462455303,-0.0425222613578459,0.0302528814858218,0.0995654326181521,0.235483870967742,0.0640774239284323,-0.0562770562770563,0.0977653631284916,-0.128992628992629,0.076264089149525,0.125730148691454,0.0734265734265733,-0.154636735181644,0.071686652108554,0.114780902550687
"14",2020-02-03,0.0468181287532676,-0.108416417705624,0.185067918552036,0.00982453901140556,-0.146039603960396,-0.063501094053798,-0.117625605157524,0.0109541946080771,-0.138559708295351,-0.0881811994668289,-0.135076290410619,-0.0503490061142934,0.0162571517328169,0.0364254818447176,0.00694009994878875,-0.0716972354878787,-0.0921437595700951,0.0123128456676489,-0.0738351254480286,-0.026687301625125,-0.245131200817305,-0.0413031557917374,-0.00785386223898188,0.130878600072913,0.0758806677008326,-0.0420233446683524,-0.0277884492252529,0.107064513421182,0.0780856423173804,-0.257899231426132,-0.096687088512533,-0.21694214235708,0.00207491208073818,-0.0546103570800719,-0.0667813845280095,0.0401765714560811,3.47794132352941,-0.137075131009354,-0.0971962947953966,-0.136188524089097,0.0340170085042524,-0.000234569161303266,-0.126283367556468,-0.0312204027118812,0.0145131011312774,-0.0556138453299739,-0.122961492582,-0.0327743902439024,-0.137214137214137,0.0579710453283997,-0.139442231075697,-0.14572864321608,-0.0873666152189121,-0.00400801603206424,-0.149652626800784,-0.0489731964191679,-0.0229625404305511,-0.168054734326435,-0.374009508716323,-0.0396284167274011,0.0115284712684312,-0.0704545454545455,0.0350877192982457,0.223628640353222,-0.124907424417004,-0.162005187884197,-0.135667396061269,-0.121146173376859,-0.0923076923076922,-0.0648795848975197,0.0999999999999999,-0.272727272727273,0.0429667584472626,0.193452392467404,-0.0888594574785178,0.030089452825512,-0.0120383656609261,0.0962042668077483,-0.0513672084632061,0.222851746931067,0.143297812675267,-0.0582963876950701,-0.248717948717949,-0.13625309390188,-0.185729275970619,-0.0997340425531915,-0.0482758620689656,-0.205663149809396,0,-0.00363201682311409,0.0957403873375333,0.152950523335665,0.114156424440533,-0.409681227863046,-0.210973192595714,-0.0552699228791774,-0.205965946687218,-0.0642533936651585,0.175638293197649,-0.0855540815989906,-0.005586592178771,0.329629629629629,0.530386740331492,-0.11450377245924,0.122159090909091,-0.118359069577728,-0.0787081362692096,0.144223456167692,0.0984360106579147,0.0130182897296962,0.0775862068965518,0.0226115612035414,0.0409416581371547,0.000354919957614497,-0.0593749268584012,0.0485478487449436,-0.0767386091127098,-0.126712300668946,-0.0160605757575757,0.0134804314522794,0.0289256566523401,-0.137069922308546,0.00387699388508445,0.0455788514129445,-0.0315243029339307,-0.153454590386426,-0.00111520446096658,-0.103688296030165,0.292864043847435,-0.0504826208777148,0.101836419108365,-0.0710040267171721,0.0218102656707373,-0.0577164366373902,-0.335704125177809,-0.0187354598070609,-0.305332359386413,0.172557172557173,-0.295774633405771,0.211914506593906,0.0497448341836735,-0.284705882352941,-0.046308579356777,-0.122284830157489,-0.057491915199425,0.0169712793733681,-0.0493693352570698,-0.018348623853211,-0.169635284139101,0.0803949224259521,-0.118984354087188,0.0138538482897881,0.0195439739413681,-0.0231834894878001,-0.0632352735281509,-0.0440011733646231
"15",2020-03-02,-0.3581248530277,-0.0627644859406712,-0.101565479130757,-0.0917303834415816,-0.0995169082125603,-0.211362260888495,-0.0631448204704911,-0.118619903051041,-0.322751322751323,-0.306245806749752,-0.108312292191436,-0.0280253877051292,-0.39139702655569,-0.145891306736139,-0.0651822240816914,-0.288438634363799,-0.170553177888276,-0.138395825115056,-0.00232198142414852,-0.0498285879846562,-0.379136327164138,-0.0242717867157921,-0.0186670622861467,0.113475209542231,-0.0428211765484362,-0.13363122934073,-0.0929169205372004,-0.036426152812372,-0.182242990654206,-0.0747986191024166,0.179530774726635,-0.420655883126427,-0.0442923830699966,-0.147668145995958,-0.0536450383081853,-0.181322186472484,-0.25402301300417,-0.0933481218328572,-0.0800551400700042,-0.0459427791607573,-0.144170246734398,-0.00527730119908287,-0.205640423031727,-0.154540973616555,-0.22894027894188,-0.0533332952095569,-0.172563667474002,-0.232466509062254,-0.159036144578313,0.0588749909975228,-0.47718253968254,-0.372058823529412,0.0939326439153976,-0.0865191146881287,-0.153960437922751,-0.155038712903583,-0.254838744016648,-0.210582739026912,-0.0303797468354431,-0.143778258015986,-0.175348490199523,-0.0684596577017115,-0.0271186440677966,-0.551724137931034,-0.286466165413534,-0.271503840163067,-0.20126582278481,-0.18654564589352,-0.0187332738626227,-0.232239258451103,-0.204545454545455,-0.300359712230216,-0.149092668462598,-0.18204484698478,-0.272198009284596,-0.119426578587881,-0.165064013092959,-0.0913525877236131,-0.139127352362597,0.397683397683398,-0.045376551385823,-0.100877198142888,-0.204778156996587,0.023943661971831,0.234536082474227,-0.0347119645494829,-0.257246376811594,0.207629706066291,-0.060566952866308,-0.210814157472219,-0.161606793780082,-0.0466749995593349,-0.13202441588751,-0.192,-0.0915367859161338,-0.0163265306122448,-0.126416219439475,-0.161025145067698,-0.0979388836915358,-0.0315554771785698,0.151685393258427,0.0974930362116992,0.101083032490975,0.0528684970699187,-0.232911392405063,-0.149152542372881,-0.135508731618674,-0.0565028752925443,-0.288025108426201,-0.141361258787264,-0.00399999999999989,-0.103284544738388,-0.127826941986234,-0.220290936916546,-0.0761723999726817,0.0321471161449542,-0.19025974025974,0.230252030210073,-0.155220229281792,-0.183796804326658,-0.150756827382206,-0.205787781350482,-0.197431730908913,-0.230746904969485,-0.0234857437165225,0.117311156772811,-0.33866768371166,-0.153209028706455,-0.0638209309498936,-0.115733842800536,-0.122727256112259,-0.224671177556743,0.125933887538058,-0.166444740346205,-0.194860813704497,-0.131264809832874,-0.148264984227129,-0.157801418439716,-0.189019617628723,-0.106191369606004,-0.0413122139314832,-0.564144736842105,-0.14487560199005,-0.0270394133822182,-0.122378955394586,-0.017971758664955,-0.179909694327339,-0.116822429906542,-0.203268641470889,-0.0326370757180157,-0.0318279744071009,0.00200518192443178,-0.0894568690095846,-0.131403737522539,-0.169544701967842,-0.2104940165695
"16",2020-04-01,-0.48946960111494,-0.492099317339561,-0.678708045953759,-0.462892099646975,-0.812231759656652,-0.357871194463325,0.00616735655650413,-0.152377838887092,-0.4828125,-0.624769007702136,-0.42655370471448,-0.549064081575573,-0.171925571265824,-0.652710050951717,-0.457340840190559,-0.614405360134003,-0.373368167208788,-0.503243018055819,-0.577967416602017,-0.558778654407375,-0.6508997724189,-0.384503283636752,-0.50864032971317,-0.642733073458799,-0.687264162201265,-0.594936708860759,-0.233417363355305,-0.380124187596249,-0.697142857142857,-0.578358208955224,-0.0581031266219509,-0.379960962914769,-0.536454435325756,-0.225615769765072,-0.352250504047755,-0.61322225992828,-0.854061193044244,-0.507638888888889,-0.689185459455881,-0.51420203407906,-0.588468084314975,-0.723675935613701,-0.477810650887574,-0.664597230606481,-0.435329347991128,-0.389038692503793,-0.290322550949205,-0.716632443531828,-0.610315186246418,-0.546380426843907,-0.515496521189121,-0.271662763466042,-0.662695172153944,-0.577092511013216,-0.660327677004096,-0.606815203145478,-0.613481756338899,-0.710144927536232,-0.151436031331593,-0.069812008238588,-0.509803915707842,-0.346456692913386,-0.356271777003484,-0.3384615,-0.400421496311907,-0.27154053053836,-0.0570522979397781,-0.48655502214891,-0.68,-0.220074415434376,-0.635164835164835,-0.456298200514139,-0.378748055554516,-0.45,-0.410610274353176,-0.554935069965906,-0.0660588627837682,-0.518226835662976,-0.391225916402063,-0.0303867955801106,-0.475847866179233,-0.232520331320621,-0.488197424892704,-0.408528198074278,-0.561586638830898,-0.378729915837797,-0.114634146341463,-0.075608445137672,-0.377278937415741,-0.644821135371333,-0.427025824088633,-0.514673792714307,-0.635465409138466,-0.608910891089109,-0.269695639057852,-0.578146611341632,-0.273037542662116,-0.345244956772334,-0.511577971347615,-0.0984076118767598,-0.424390243902439,-0.535532994923858,-0.111475409836066,-0.352459016393443,-0.252475247524752,-0.702788844621514,-0.449975257497672,-0.640680355800154,-0.662354065561563,-0.684774587671371,-0.34136546184739,-0.0289249571458928,-0.322435174746336,-0.412647883680436,-0.323021264121476,-0.00609786731312334,-0.601443464314354,-0.605201160002124,-0.720014582573824,-0.61037613202051,-0.538043822320168,-0.412955465587045,-0.447999991663964,-0.624858316012781,-0.505907193843578,-0.468580286699267,-0.528418683173889,-0.354397926747733,-0.718016821602479,-0.1499333629498,-0.617012089810017,-0.329665260415647,-0.188625634730755,-0.490415335463259,-0.569148936170213,-0.40633790129868,-0.614814814814815,-0.692631578947368,-0.391162029459902,-0.622166246851385,-0.50126742712294,-0.464150943396226,-0.192459851234353,-0.552520018841262,-0.427888792354474,-0.236601307189543,-0.500598697858724,-0.137566137566138,-0.543589743589744,0.264507422402159,-0.150602925838703,-0.428429545632722,-0.4,-0.528490503165612,-0.511093093411861,-0.421298095608239
"17",2020-05-01,0.545592688445927,0.391111174603175,0.898148148148148,0.123004981650099,1.34857142857143,0.236230110159119,0.0761821366024518,0.207251824150694,0.265861027190332,0.488126649076517,-0.0738916256157636,0.404612129882345,0.741841960769118,0.705479452054795,0.144453312051077,0.567332841007819,0.108333522523687,0.246543778801843,0.286764705882353,0.280534287531807,0.92125995084435,0.178053830227743,0.296721853441825,0.645867017828201,0.201754385964912,0.872685185185185,0.150054830145078,0.469605782411943,0.943396226415094,0.846607669616519,0.0871914148162591,0.179433368310598,0.291607443438477,-0.0578879878444679,0.253776415005468,0.480484522207268,0.408748114630468,0.520451339915374,0.502450980392157,0.015032227735897,0.512362637362637,0.749888421165182,0.121813031161473,0.904264490861619,0.400848372738996,0.523437376409134,0.253934218610892,0.655797101449276,0.411764705882353,0.504854308252427,0.0130548302872062,0.215434083601286,0.778106313767018,0.7421875,0.551248923341947,0.471666666666667,0.2976,0.5703125,0.861538461538462,0.0802444405600526,0.314390219512195,0.325301204819277,0.152909336941813,0.395348756084375,0.165202108963093,0.468339475281448,0.579831932773109,0.460474308300395,-0.164772727272727,-0.0189340972185383,0.469879518072289,0.295508274231678,0.219924788113196,0.517738359201774,0.243432574430823,0.870138003326667,0.143481098999843,0.523607513710724,0.480218864810196,-0.210256365256773,-0.0970588235294116,0.12499981351105,0.649895178197065,0.148837209302326,0.657142857142857,0.681034482758621,0.327823691460055,0.286834677871148,0.242944074888463,0.209932279909707,0.187283152705852,0.439780034017616,0.710413694721826,0.784810126582278,0.265256494201107,0.38688524590164,-0.0723004694835681,0.068661971830986,0.631083233908948,0.0137760572718075,0.093220338983051,0.461748633879781,1.16236162361624,0.265822784810126,1.64459161147903,0.597855227882037,0.238807183690126,0.532544378698225,0.245794392523365,0.642438548794757,1.02439024390244,0.284227661197168,0.129783693843594,0.474825895919006,0.151928702738321,0.0192004183072696,1.24949698189135,0.315606982078245,0.794270833333333,0.260869565217391,0.66139246938572,0.317241379310345,0.362153924134619,0.420946626384693,0.322801024765158,0.258394152661439,0.332935560859188,0.141837220371252,0.425431711145997,0.0224719362424874,0.670800394588501,0.335841381668947,0.0981308155537595,0.664576802507837,1.12345679012346,0.0445544554455446,0.57051282051282,0.246575342465754,0.497311827956989,0.521111111111111,0.39135959339263,0.985915492957746,0.149855932280809,0.214736842105263,0.273348519362187,0.0958904109589043,0.534265784900415,0.365030674846626,0.460674157303371,0.0501600853788688,-0.0068966241502264,0.276580975225245,0.842105263157895,0.650883462897526,0.559532969560145,0.429818737407656
"18",2020-06-01,0.223533280436401,0.106800497179347,0.231358885017422,0.276129032258065,0.21654501216545,0.132673267326733,0.31529707078926,0.0758773340460743,0.799522673031026,0.329787234042553,-0.026595744680851,-0.0625372985074627,0.553288936135311,0.0943774598393574,-0.00836820083681999,0.231152869670018,-0.184210713810198,0.360443622920517,0.435714285714286,0.0322902152156093,0.0218579197349063,-0.199472759226714,0.148938501838684,0.465780475912382,0.0145985401459852,-0.0135970333745364,0.00476188567619062,0.0629937375872038,0.33495145631068,0.145367412140575,-0.032086936511956,-0.0258007117437723,0.283826254187756,0.246500483514064,0.220413672945115,0.465454636363636,0.229122055674518,0.215213358070501,0.0522022838499185,0.0278560908541352,0.0154405086285194,0.221541628381827,0.282828282828283,0.244515596184442,0.165049308553083,0.392776642369875,-0.0336206896551723,0.393873085339168,-0.0312499999999999,0.0399194370935256,0.484536082474227,-0.174603174603175,0.130893643547528,0.207772795216741,0.0616324819544696,0.451868629671574,0.207151664611591,0.12139303482587,-0.317355371900826,0.286953319944008,0.158099854483204,0.436363636363637,0.261737089201878,0.0416666666666667,0.197586726998492,-0.191498075859061,0.123404255319149,0.286874154262517,0.0204081632653061,0.118656102801943,0.975409836065574,-0.0328467153284673,0.281201962340121,0.401753177501826,0.21830985915493,0.134518687188603,0.177080167844307,0.346278382351754,0.138549701884946,0.0548340548340549,0.0868621064060802,0.0564973281990093,-0.082592121982211,0.290485829959514,0.436781609195402,0.0183150183150182,0.172199170124481,0.0996953025553027,0.154497037739871,0.188432835820896,0.319052266116594,0.19375343535338,0.409507881567973,0.464539007092199,0.0597617447904188,0.26241134751773,0.0921052631578945,0.294892915980231,0.360346422322494,-0.0540070287011885,0.155038759689923,0.119626168224299,0.242320819112628,0.245,0.613522537562604,0.10738255033557,0.0496713319159992,1.13320476190476,0.0367591897974493,0.495003533190578,1.37650602409639,0.115863591267236,0.0574374079528719,0.339365400225556,0.0788953722332955,0.33254516815328,-0.0563506261180678,0.268892785246938,0.00653120464441215,0.404665314401623,0.216666620469636,0.4,0.159090953794523,0.298369950389795,0.524854809554551,0.151972202799465,0.450313428827216,0.00917044601917461,0.181718061674009,0.0656785058605034,0.0738866759071077,0.0522272374691635,0.447872456596769,0.193973634651601,0.238372093023256,0.436018957345972,0.493877551020408,0.203296703296703,0.0233393177737882,0.430241051862673,0.302283105022831,0.156028368794326,0.128571346938779,0.157712305025997,0.0327966607036374,0.1609375,0.211616093090037,0.0943820224719101,0.101923076923077,0.0833333333333333,-0.00395231253897366,-0.0457918790728309,-0.165079365079365,0.0517979001798845,0.0803392733430837,0.159699381883542
"19",2020-07-01,0.214300816919583,0.0357388041237112,-0.0939445387662705,0.0940343781597572,-0.274,-0.0743006993006993,-0.065883107585332,-0.0852189269826307,-0.0411140583554376,0.418666666666667,0.278688524590164,0.0439420308240401,0.102265749212633,-0.0646789020494909,0.089310829817159,-0.0535794260954267,0.22580673334234,-0.0828804347826086,-0.0398009950248757,0.0466794491492084,0.067274833645947,-0.110867178924259,0.0149502859718131,-0.0117568021498152,-0.0431654676258991,-0.0802005012531329,0.0473934608054636,0.465918825933511,-0.247272727272727,0.391910739191074,-0.0791896728998203,0.146118721461187,0.0372549151287971,-0.0299402765076485,0.0650277535416459,0.287220763820052,0.0592334494773519,-0.101526717557252,0.0139534883720931,-0.142261355967785,-0.189624329159213,-0.144379437016727,0.454724409448819,-0.150936430407639,0.136540962288687,0.33457595526561,0.0267618198037465,-0.172684458398744,-0.225806451612903,0.18960832921255,0.0243055555555556,0.391025641025641,0.370472356349049,-0.222772277227723,0.0622383858661935,-0.28003120124805,-0.00919305413687432,0.125998225377107,0.0750605326876514,0.0212013612075703,0.0197083640442237,-0.0168776371308017,0.0762790697674418,-0.2992,0.0818639798488665,0.161421215634845,0.458333333333333,0.0925342271293375,0.22,0.232246166164649,0.325726141078838,-0.0679245283018867,-0.0567740968779779,0.181865493388979,0.10635838150289,0.107332943829577,0.149802227230372,-0.130589237414009,0.262218894934611,0.570451367989056,-0.00899100899100902,0.254901974848481,0.10387811634349,0.0901960784313727,0.39,0.0669064748201438,0.0513274336283185,0.144497228820269,0.046664032791552,0.0329670329670328,-0.165600373169301,0.00911766725312169,-0.0313608589160018,0.687651331719128,0.00425714156831991,0.00374531835205993,-0.0398517145505097,0.0731552798982187,0.0376397916411428,0.0838888333835928,0.0268456375838926,0.018363939899833,0.289835164835165,-0.0899598393574297,0.555613036730471,-0.271969696969697,-0.0162376233836741,-0.0374057895984441,-0.0441389290882778,-0.108617787267075,0.107731305449937,0.0385484496155983,0.0208913649025071,0.0567685414276127,-0.0552885115239707,0.115689215982353,-0.232227488151659,-0.0695459904821701,-0.255948089401586,-0.220938628158845,0.240445954068305,-0.0336574420344053,0.102268366479163,-0.143013100436681,0.126164219891439,0.269889132562851,-0.00246919737844464,-0.0136307316658707,0.02143522833178,-0.0304556587420706,0.313226484448633,-0.0379561575647765,0.612784652291748,-0.0331230283911672,0.208920187793427,0.0693069306930694,0.0122950819672132,-0.242009132420091,-0.0912280701754387,-0.049029570990807,-0.0140252454417952,0.711656441717792,0.0124361761589205,-0.062125748502994,-0.130484988452656,0.0026917900403769,-0.105868431794191,0.158110882956879,-0.268760907504363,0.404315196998124,0.185667788458444,0.215722693950731,6.29277566539924,0.0313390313390314,0.0845523646768054,0.115836285304322
"20",2020-08-03,0.139324284846008,0.337624468151944,0.0693317301686445,-0.0554528650646949,-0.0909090909090909,-0.110481586402266,-0.051655693653785,0.0902666267351953,-0.0484094052558783,0.0385338345864661,0.214529914529915,-0.0375171419856641,0.00441284617767002,-0.0382539498898454,0.0142027114267269,-0.0656518078020932,0.40225548508448,0.230617283950617,0.202072538860103,0.0689655172413792,-0.226010101010101,-0.0987654320987654,-0.00283629691973086,0.241332426920462,-0.0751879699248121,0.0797002724795641,0.109502178329689,0.160094155181116,-0.00241545893719797,0.0300601202404809,0.0691999491575954,-0.0916334661354582,0.129725946712263,0.24859720367454,0.295234555132735,-0.190361493975904,1.64967113486842,0.0229396771452846,-0.0626911314984709,-0.00281686116700208,-0.0871964679911701,0.0844932580099325,-0.00947225981055477,0.123702373542285,0.0881006864988558,0.0865921787709498,0.0651607298001737,0.153700189753321,-0.291666666666667,0.0746414928292047,-0.0457627118644068,-0.228110599078341,0.149102577082375,-0.00477707006369432,-0.291974361987906,-0.0520043336944745,0.148453608247423,-0.24113475177305,-0.0653153153153153,0.115850155035466,0.39283470133304,0.199570815450644,0.224719101123595,-0.0924657534246575,0.0244470314318976,0.314685300561563,0.248701298701299,0.120789214591472,0.595628415300546,0.115062703187097,0.942097026604069,-0.0263157894736844,-0.0842443396883304,0.263668430335097,0.103448275862069,0.095994619610045,-0.000685822182932116,0.156675620807613,0.515263030812019,0.101916380745487,0.227822580645161,0.0359824571731997,0.0878293601003763,-0.00575539568345329,0.67553964028777,0.196223870532704,-0.107744107744108,0.609823625043238,0.0641119961180294,-0.0729483282674772,0.107342937186671,0.311862333762806,0.29627356162043,0.0200860832137735,0.0590793558508282,0.0559701492537312,-0.0723938223938224,0.00889146361046467,0.393017853729228,-0.12256410619077,0.457516339869281,0.114754098360656,0.252396166134185,-0.0609002206531334,1.75889587628866,0.0926118626430803,0.0175243929081013,0.131306737699781,-0.0885692657077972,-0.353508328869845,0.567505720823799,0.159593800397059,0.156889495225102,0.12519869460238,0.157760885105285,0.111841282049159,-0.0851851851851851,-0.102162565249814,-0.173449612403101,0.0834105653382762,0.261241355288157,-0.106037151702786,-0.150104933519944,-0.0738853503184713,-0.151503759398496,0.494052356915315,0.156559467821782,-0.124371822628636,0.00638686131386845,0.144199802127133,0.117703399945057,0.0531107738998482,0.174487514163563,0.189233278955954,0.161165048543689,0.0802469135802468,0.0472334682860998,-0.120481927710843,0.140926640926641,0.270676623486755,0.226173541963016,1.34587813620072,0.0482562184689623,-0.0510774142059057,0.169322775564409,0.00671140939597303,-0.00480828212986462,0.157801418439717,0.0453460620525059,0.218436873747495,-0.142399306974943,-0.0555685483272174,0,0.0599842541436464,0.00171090683109099,-0.201451876640722
"21",2020-09-01,0.0959302556562114,0.0727254879181913,0.0356307806290432,0.250489236790606,0.218181818181818,0.375796178343949,0.112081044416238,0.0176783151938218,0.159883720930233,0.180090497737556,0.0809289232934551,0.527174702469106,0.175738267616835,0.673125921819178,0.217059261616804,0.4541751758745,-0.110834058294672,0.109550561797753,0.120689655172414,0.32258064516129,0.427406199021207,0.126027397260274,0.26059170953042,0.0575027108433734,0.056910569105691,0.441640378548896,0.0469510554059411,0.143674671896563,0.641646489104116,0.335603112840467,0.257885345290278,0.522807105263158,0.0749842896365525,0.0048009815015102,0.0298426895154118,0.204166738343258,0.454376149771069,0.195182724252492,0.270799347471452,0.228409998853511,0.420798065296252,0.411168610673272,0.396174863387978,0.765204041570439,0.12039952681388,0.193444730077121,0.205546492659054,0.296052631578947,0.0294117647058825,0.202911701458547,0.0710479573712257,0.955223880597015,0.00480580716082524,0.6544,0.457579902642559,0.584,0.0780969479353679,0.199376947040498,0.843373493975903,-0.078770706280516,0.0305730937564654,-0.183363148479427,0.0606916019760055,1.0125786163522,0.0988636363636364,0.514216502501864,0.0686426937077482,0.466294569931534,-0.215753424657534,0.237804831144465,0.879935535858179,0.573804573804574,0.535597589813326,0.057222575017446,0.071969696969697,0.0464877561977433,-0.0439474536253044,0.0880258424014706,0.10153585102951,-0.169960441500413,0.0706075533661741,0.391724137931035,0.703575547866205,0.206946454413893,0.0596822215679595,0.019729425028185,0.409433962264151,-0.165234268043956,0.157202197900117,0.149180327868852,0.272170473293488,0.0185045487980078,0.0638549261040275,0.617440225035162,-0.199382611731856,0.196113074204947,0.142559833506764,0.0605169800235017,-0.013215848982558,0.0216987246061773,-0.0448430493273543,0.102941176470588,0.177721088435374,0.116071376124465,0.0659354033984501,0.340952380952381,0.194082068689752,0.604709230177797,0.504983471760797,-0.177299013144118,-0.0766423357664233,0.0618659215219537,0.0695754716981132,0.0583868396350604,0.0787995419346403,-0.0681379804556962,0.0148448043184886,0.617109551495017,0.460726846424385,0.574850299401198,0.126537703914752,-0.0138528138528139,0.481267950544753,0.405777235213205,0.169251174124945,0.297486997532428,0.151952907867688,0.0176949306551888,0.653671804170444,0.0127539996867272,0.0725599299537685,-0.0172911143131604,0.065326246432911,0.179698216735254,0.1438127090301,0.282857142857143,0.100515463917526,-0.0445205479452054,0.0913705583756346,0.0502958579881658,0.0336426914153134,0.374331550802139,-0.150240632972575,0.0185029436501261,0.331061877849979,-0.048,0.157265332077964,-0.0520673813169984,0.235159817351598,0.112390405701754,-0.0435434421702995,-0.035475559751955,0.0505735140771637,-0.147803494124963,0.117421007685739,0.204090909090909
